"keys","tr","en"
"Bouncy","Bouncy","Bouncy"
"Zoo","Zoo","Zoo"
"Ebeveynler için: 3 saniye basılı tutun","Ebeveynler için: 3 saniye basılı tutun","For parents: hold for 3 seconds"
"Hepsi","Hepsi","All"
"Hareket","Hareket","Action"
"Bulmaca","Bulmaca","Puzzle"
"Yaratıcı","Yaratıcı","Creative"
"Öğren","Öğren","Learn"
"Yeni","Yeni","New"
"Uçan Kuş","Uçan Kuş","Flying Bird"
"Dondurmacı","Dondurmacı","Ice Cream Maker"
"Yol Yap","Yol Yap","Build a Road"
"Hafıza","Hafıza","Find the Pairs"
"Meyve Topla","Meyve Topla","Fruit Picking"
"Gölge Eşleştirme","Gölge Eşleştirme","Shadow Match"
"Köstebek","Köstebek","Mole"
"Toplama","Toplama","Addition"
"Çıkarma","Çıkarma","Subtraction"
"Araba Yarışı","Araba Yarışı","Car Race"
"Zıpla Zıpla","Zıpla Zıpla","Jump Jump"
"Sihirli Bahçe","Sihirli Bahçe","Magic Garden"
"Müzik Kutusu","Müzik Kutusu","Music Box"
"Robot Fabrikası","Robot Fabrikası","Robot Factory"
"Tren Rayı","Tren Rayı","Train Tracks"
"Hayvanları Besle","Hayvanları Besle","Feed the Animals"
"Boyama Kitabı","Boyama Kitabı","Coloring Book"
"Balık Tutma","Balık Tutma","Fishing"
"Kule Yapma","Kule Yapma","Tower Building"
"Büyükten Küçüğe","Büyükten Küçüğe","Big to Small"
"Başlamak için dokun","Başlamak için dokun","Tap to start"
"Puan: %d","Puan: %d","Score: %d"
"Tekrar oyna","Tekrar oyna","Play again"
"Bölüm %d","Bölüm %d","Level %d"
"Harika!","Harika!","Great!"
"Süper!","Süper!","Awesome!"
"Tebrikler!","Tebrikler!","Well done!"
"Mükemmel!","Mükemmel!","Perfect!"
"sıfır","sıfır","zero"
"bir","bir","one"
"iki","iki","two"
"üç","üç","three"
"dört","dört","four"
"beş","beş","five"
"altı","altı","six"
"yedi","yedi","seven"
"sekiz","sekiz","eight"
"dokuz","dokuz","nine"
"on","on","ten"
"on bir","on bir","eleven"
"on iki","on iki","twelve"
"on üç","on üç","thirteen"
"on dört","on dört","fourteen"
"on beş","on beş","fifteen"
"on altı","on altı","sixteen"
"on yedi","on yedi","seventeen"
"on sekiz","on sekiz","eighteen"
"on dokuz","on dokuz","nineteen"
"yirmi","yirmi","twenty"
"%s artı %s","%s artı %s","%s plus %s"
"%s artı %s eder %s","%s artı %s eder %s","%s plus %s equals %s"
"%s eksi %s","%s eksi %s","%s minus %s"
"%s eksi %s eder %s","%s eksi %s eder %s","%s minus %s equals %s"
"Lisanslar","Lisanslar","Licenses"
"Bouncy Zoo'daki bütün çizimler ve seslerin çoğu bu uygulama için özgün olarak hazırlandı. Uygulamada kullanılan açık lisanslı bileşenler aşağıdadır.","Bouncy Zoo'daki bütün çizimler ve seslerin çoğu bu uygulama için özgün olarak hazırlandı. Uygulamada kullanılan açık lisanslı bileşenler aşağıdadır.","All drawings and most sounds in Bouncy Zoo were created originally for this app. The openly licensed components used in the app are listed below."
"Oyun motoru: Godot Engine","Oyun motoru: Godot Engine","Game engine: Godot Engine"
"Bu uygulama Godot Engine %s ile yapıldı (godotengine.org). Godot, MIT lisansıyla dağıtılır:","Bu uygulama Godot Engine %s ile yapıldı (godotengine.org). Godot, MIT lisansıyla dağıtılır:","This app was made with Godot Engine %s (godotengine.org). Godot is distributed under the MIT license:"
"Yazı tipi: Nunito","Yazı tipi: Nunito","Font: Nunito"
"SIL Open Font License 1.1 ile lisanslıdır:","SIL Open Font License 1.1 ile lisanslıdır:","Licensed under the SIL Open Font License 1.1:"
"Sesler ve müzikler","Sesler ve müzikler","Sounds and music"
"Müzikler ve bazı ses efektleri aşağıdaki CC0 (kamu malı) kaynaklardan alındı ve bu uygulama için düzenlendi. CC0 isim vermeyi gerektirmez; emeği geçenlere teşekkür ederiz. Diğer sesler bu uygulama için üretildi.","Müzikler ve bazı ses efektleri aşağıdaki CC0 (kamu malı) kaynaklardan alındı ve bu uygulama için düzenlendi. CC0 isim vermeyi gerektirmez; emeği geçenlere teşekkür ederiz. Diğer sesler bu uygulama için üretildi.","The music and some sound effects come from the CC0 (public domain) sources below and were edited for this app. CC0 does not require attribution; we thank everyone involved. The other sounds were made for this app."
"Godot içindeki bileşenler","Godot içindeki bileşenler","Components inside Godot"
"Godot Engine aşağıdaki açık kaynaklı bileşenleri içerir (bileşen, telif sahipleri, lisans):","Godot Engine aşağıdaki açık kaynaklı bileşenleri içerir (bileşen, telif sahipleri, lisans):","Godot Engine includes the following open source components (component, copyright holders, license):"
"Tam lisans metinlerini göster","Tam lisans metinlerini göster","Show full license texts"
" ve diğerleri"," ve diğerleri"," and others"
"Lisans: %s","Lisans: %s","License: %s"
